artist,mid
Wassily Kandinsky,/m/0856z
Agostino Carracci,/m/0_52
Albert Bierstadt,/m/01q8l6
Albrecht Altdorfer,/m/0zjp
Albrecht Dürer,/m/0z6n
Aleksandra Ekster,/m/0383hl
Alexei Savrasov,/m/06nfcf
Alexandre Benois,/m/06jp6v
Alfred Sisley,/m/01qpyr
Alphonse Mucha,/m/0p_nx
Amedeo Modigliani,/m/0gsc1
Anders Zorn,/m/0192xw
Andre Derain,/m/0hmx4
Andrea Mantegna,/m/01fcrg
Andrei Rublev,/m/030dmf
Andy Warhol,/m/0kc6
Annibale Carracci,/m/017t6m
Anthony van Dyck,/m/01r0ss
Antoine Blanchard,/m/05f74gd
Antoine Watteau,/m/01k7k8
Arkhip Kuindzhi,/m/03r9q_
Arnold Böcklin,/m/03hq8p
Arshile Gorky,/m/01zplk
Aubrey Beardsley,/m/01g57c
August Macke,/m/02_dfv
Auguste Rodin,/m/0wgm
Balthus,/m/03lvgz
Barnett Newman,/m/01jlc2
Bartolome Esteban Murillo,/m/017vg0
Benozzo Gozzoli,/m/03kb4x
Bernardo Bellotto,/m/04_nhc9
Berthe Morisot,/m/01cct
Boris Kustodiev,/m/06stqk
Camille Corot,/m/01dn3v
Camille Pissarro,/m/0233w
Canaletto,/m/01fbwn
Caravaggio,/m/020bg
Carl Larsson,/m/0m431
Caspar David Friedrich,/m/01q3f
Chaim Soutine,/m/0gz_k
Charles-Francois Daubigny,/m/0kzxl
Childe Hassam,/m/054fvw
Claude Lorrain,/m/0l057
Claude Monet,/m/01xnj
Correggio,/m/0pvq1
Cy Twombly,/m/052n4b
Damien Hirst,/m/01qwfk
Dante Gabriel Rossetti,/m/03xpqgs
David Alfaro Siqueiros,/m/0173qb
David Burliuk,/m/08788c
Diego Rivera,/m/0q2c2
Diego Velazquez,/m/0k92y
Domenico Ghirlandaio,/m/01cc3w
Duccio,/m/01fsh6
Edgar Degas,/m/0g_lz
Edouard Manet,/m/02mbk
Edouard Vuillard,/m/01_lr8
Edvard Munch,/m/02nsp
Edward Hopper,/m/0hc3t
Egon Schiele,/m/0df65
El Greco,/m/011k6_
El Lissitzky,/m/0dqj0t
Emil Nolde,/m/0d6zb
Eric Fischl,/m/0fn9m8
Ernst Ludwig Kirchner,/m/049kqx
Erte,/m/03bqv_
Eugene Boudin,/m/03fw00
Eugene Delacroix,/m/016s03
Eyvind Earle,/m/0448dw
Felix Vallotton ,/m/02681jc
Ferdinand Hodler,/m/05pjzf
Fernando Botero,/m/01ry44
Filippo Lippi,/m/03kb6h
Fra Angelico,/m/031b2
Francesco Hayez,/m/03zk4g
Francis Picabia,/m/0q4s_
Francisco Goya,/m/02y23
Francisco de Zurbaran,/m/02_6nk
Francois Boucher,/m/0c424
Frantisek Kupka,/m/0258cc
Franz Marc,/m/017fb3
Franz Xaver Winterhalter,/m/05sy6f
Frida Kahlo,/m/015k04
Friedensreich Hundertwasser,/m/0g2wb
Fyodor Vasilyev,/m/07rlr7
George Frederick Watts,/m/03dhsw
George Stubbs,/m/01hbvq
Georges Braque,/m/037f3
Georges Seurat,/m/0gshm
Georges de la Tour,/m/03n0lt
Georgia O'Keeffe,/m/01t807
Gerhard Richter,/m/03dm5p
Giacomo Balla,/m/01yq83
Gian Lorenzo Bernini,/m/039xt
Gino Severini,/m/04cps2
Giorgio de Chirico,/m/01k1lc
Giorgione,/m/011kr6
Giotto,/m/0kp91
Giovanni Battista Tiepolo,/m/01fr20
Giovanni Bellini,/m/01fcmx
Giovanni Boldini,/m/08hkqf
Giuseppe Arcimboldo,/m/030b1q
Grandma Moses,/m/0q59k
Guido Reni,/m/02vr8c
Gustav Klimt,/m/03869
Gustave Caillebotte,/m/019m_t
Gustave Courbet,/m/01dqt1
Hans Baldung,/m/03ncz
Hans Holbein the Younger,/m/0cy9m
Hans Memling,/m/01bbkk
Henri Fantin-Latour,/m/0jjpp
Henri Martin,/m/0b48yx
Henri Matisse,/m/0gct_
Henri Rousseau,/m/02rdf6
Henri de Toulouse-Lautrec,/m/0h7vt
Henri-Edmond Cross,/m/0239mx
Hieronymus Bosch,/m/0cdn_
Hiroshige,/m/07hpgg
Ilya Repin,/m/030djp
Isaac Levitan,/m/03nv3c
Ivan Aivazovsky,/m/039dtp
Ivan Bilibin,/m/04hr1n
Ivan Kramskoy,/m/03pl4g
Ivan Shishkin,/m/059y1y
Jacek Malczewski,/m/09wt2z
Jacek Yerka,/m/06nkvx
Jackson Pollock,/m/04510
Jacob Jordaens,/m/01bbhf
Jacopo Pontormo,/m/01rshs
Jacques-Louis David,/m/02hlw
James McNeill Whistler,/m/0jt1_
James Tissot,/m/051t84
Jamie Wyeth,/m/05sm7x
Jan Matejko,/m/022xx2
Jan Steen,/m/01h34g
Jan van Eyck,/m/0ck2w
Jean Arp,/m/013y97
Jean Auguste Dominique Ingres,/m/0cwk2
Jean Dubuffet,/m/01pyt1
Jean Fouquet,/m/036v9j
Jean-Francois Millet,/m/0452w
Jean-Leon Gerome,/m/056xh0
Jean-Michel Basquiat,/m/041st
Joan Miro,/m/0g_6k
Joaquín Sorolla,/m/062stq
Johannes Vermeer,/m/0bw2x
John Atkinson Grimshaw,/m/0688dm
John Constable,/m/0sy76
John Everett Millais,/m/0q0f4
John Henry Twachtman,/m/021y0q
John Singer Sargent,/m/0qdx4
John Singleton Copley,/m/01jl09
John William Godward,/m/063pnz
John William Waterhouse,/m/01kf47
Jose Clemente Orozco,/m/01btzc
Joseph Beuys,/m/018tvs
Joseph Wright,/m/022j5y
Joshua Reynolds,/m/0410r
Juan Gris,/m/0435m
Karl Bryullov,/m/04mrdf
Kathe Kollwitz,/m/026nv3
Katsushika Hokusai,/m/0bwf4
Kazimir Malevich,/m/04dvd
Kitagawa Utamaro,/m/0497z
Koloman Moser,/m/0843_d
Konstantin Korovin,/m/08gq18
Konstantin Makovsky,/m/050qxj
Konstantin Somov,/m/07lj06
Konstantin Yuon,/m/084jdb
Kuzma Petrov-Vodkin,/m/07rwcc
Laszlo Moholy-Nagy,/m/017tmn
Leon Bakst,/m/04flhj
Lorenzo Lotto,/m/01wr8s
Lucas Cranach the Elder,/m/0kqp0
Lucian Freud,/m/01dh1c
M.C. Escher,/m/051mn
Man Ray,/m/096j2
Marc Chagall,/m/0g_j0
Marcel Duchamp,/m/0bqch
Mark Rothko,/m/0yd4t
Martiros Saryan,/m/084jmc
Mary Cassatt,/m/0533_
Matthias Grünewald,/m/01slns
Maurice Prendergast,/m/039zxc
Maurice Utrillo,/m/0h8bh
Maurice de Vlaminck,/m/0342rt
Max Beckmann,/m/019m90
Max Ernst,/m/0bqb_
Maxime Maufra,/m/0dgsp6s
Michelangelo,/m/058w5
Mikhail Nesterov,/m/06dtby
Mikhail Vrubel,/m/04_1zx
Moise Kisling,/m/0143kt
N.C. Wyeth,/m/02p6_g
Nicholas Roerich,/m/01fpf6
Nicolas Poussin,/m/0gt5t
Niko Pirosmani,/m/04qd96
Nikolai Ge,/m/06kf2v
Nikolay Bogdanov-Belsky,/m/027ny05
Norman Rockwell,/m/09xfc
Octavio Ocampo,/m/027m7j3
Odilon Redon,/m/015ymr
Orest Kiprensky,/m/08m52j
Oskar Kokoschka,/m/01c_m_
Otto Dix,/m/05ln8
Pablo Picasso,/m/060_7
Paolo Uccello,/m/05_xw
Paolo Veronese,/m/01jdbx
Parmigianino,/m/06wdkd
Paul Cezanne,/m/063mx
Paul Delvaux,/m/0310f0
Paul Gauguin,/m/0h82x
Paul Klee,/m/0ktf5
Paul Serusier,/m/05vlsf
Paul Signac,/m/0160zv
Pavel Filonov,/m/06g44s
Peter Paul Rubens,/m/0pwnh
Philip Guston,/m/05sm_d
Piero della Francesca,/m/01fd65
Pierre Alechinsky,/m/01lc06
Pierre Bonnard,/m/01_lss
Pierre Puvis de Chavannes,/m/015wj0
Pierre-Auguste Renoir,/m/06466
Pierre-Paul Prud'hon,/m/039_k_
Piet Mondrian,/m/0crnb5
Pieter Bruegel the Elder,/m/0h6nl
Pietro Longhi,/m/04h26q
Pietro Perugino,/m/03k9yt
Pyotr Konchalovsky,/m/08myxw
Qi Baishi,/m/033xb6
Raoul Dufy,/m/037rjn
Raphael Kirchner,/m/0cc506n
Rembrandt,/m/0bskv2
Remedios Varo,/m/039mtp
Rene Magritte,/m/06h88
Richard Diebenkorn,/m/0333cn
Richard Hamilton,/m/038yr1
Robert Delaunay,/m/01x5k_
Rogier van der Weyden,/m/0zjp
Roy Lichtenstein,/m/0gcgd
Salvador Dali,/m/09_xn
Sam Francis,/m/01p2wv
Sandro Botticelli,/m/0jr3g
Sergey Solomko,/g/1q5bfgh8b
Sir Lawrence Alma-Tadema,/m/073zs
Sonia Delaunay,/m/0681zb
Stanley Spencer,/m/031xm9
Suzanne Valadon,/m/016k58
Tamara de Lempicka,/m/015gd3
Theo van Doesburg,/m/01qvs2
Theo van Rysselberghe,/m/05kckz
Theodore Gericault,/m/02k2xv
Theodore Rousseau,/m/03fvqw
Thomas Cole,/m/023tsk
Thomas Eakins,/m/0pxdg
Thomas Gainsborough,/m/07ncv
Tintoretto,/m/01xtzs
Titian,/m/0144mv
Umberto Boccioni,/m/01m_nb
Valentin Serov,/m/03rhm4
Vasily Perov,/m/066b9g
Vasily Polenov,/m/03ns9r
Vasily Surikov,/m/030gkd
Vasily Tropinin,/m/0275hy
Vasily Vereshchagin,/m/038j6z
Victor Borisov-Musatov,/m/0b447_
Viktor Vasnetsov,/m/059r_5
Vincent van Gogh,/m/07_m2
Vladimir Borovikovsky,/m/07r5p1
Vladimir Makovsky,/m/02881tz
Willard Metcalf,/m/03p484
Willem de Kooning,/m/02c5bp
William Blake,/m/03f70xs
William Hogarth,/m/0p_rx
William Merritt Chase,/m/04z4d4
William Turner,/m/0285ph2
William-Adolphe Bouguereau,/m/023q21
Winslow Homer,/m/01th73
Yves Klein,/g/1223qly5
Zdzislaw Beksinski,/m/058_rf
Zinaida Serebriakova,/g/11b62sdhl7
Edouard Cortes,/m/0dqj52
Honore Daumier,/m/01xq3c
Jean-Honore Fragonard,/m/02vt1l
Fernand Leger,/m/0g_nq
Frederic Leighton,/m/01ww84
Giovanni Battista Piranesi,/m/015g76
Gustave Dore,/m/01nfqv
Gustave Moreau,/m/0hrky
Leonardo da Vinci,/m/04lg6
Limbourg brothers,/m/02s7mk
Maurice Quentin de La Tour,/m/03n0qj
Raphael,/m/0c43g
Tsukioka Yoshitoshi,/m/01rtn7
Utagawa Kuniyoshi,/m/01rtjk
Maria Primachenko,/m/03csjpf
Mikalojus Ciurlionis,/m/02t5z3
